organisasjonsnummer,navn,adresse,postnummer,epostadresse,telefon,mobil,company_website
810034882,SANDNES ELEKTRISKE AS,"Strandgata 21, 4307 SANDNES",4307,post@sandneselektriske.no,51 68 57 00,,https://www.sandneselektriske.no/
810059672,AASEN & FARSTAD AS,"Sjøgardsvegen 8, 6460 EIDSVÅG I ROMSDAL",6460,,71 23 24 56,41643007,
810094532,ALSTRAY AS,"Stoaveien 11, 4848 ARENDAL",4848,nilsgauslaa@gmail.com,,975 84 725,
810098252,ODD FELLOW HUSET BODØ AS,"Reinslettveien 2, 8009 BODØ",8009,oddfellowhusetbodo@gmail.com,,,https://www.oddfellow.no/category.php?categoryID=8669
810105372,SØRLANDSPORTEN EIENDOM AS,4994 AKLAND,4994,,37155025,,
810130822,ALSTRA AS,"Homme, 4990 SØNDELED",4990,,37 15 62 83,,
810182482,FAGMØBLER HERMAN ANDERSEN AS,"Bergemoveien 40, 4886 GRIMSTAD",4886,,37 04 11 40,,https://fagmobler.no/
810202572,BORTIGARD AS,"Løkkeveien 18, 3085 HOLMESTRAND",3085,,33051963,,
810274042,ARNESEN EIENDOM AS,"Kvaløyvegen 311, 9016 TROMSØ",9016,,77 66 36 00,,
810324562,SERVI GROUP AS,"Kveldroveien 3, 1407 VINTERBRO",1407,,64 97 97 97,,https://www.servi.no/en
810359862,AUTOBJØRN A/S,"Cecilie Thoresens vei 5-7, 1153 OSLO",1153,,23 03 10 20,97729988,https://www.autobjorn.no/
810363142,BJØRNSTJERNE BJØRNSONSGATE AS,"c/o Front Real Estate AS, Fridtjof Nansens plass 4, 0160 OSLO",0160,,32 21 03 71,,
810392312,METALLCO AS,"Strømsveien 287, 0668 OSLO",0668,post@metallco.com,23 14 26 10,,https://www.metallco.com/no/english/
810393572,HALWA AS,"Bergemoveien 7, 4886 GRIMSTAD",4886,,37040086,,
810412402,STOREBRAND TILLERTORGET AS,"Svartvassvegen 2, 6650 SURNADAL",6650,,71 65 75 00,,
810431172,AS SCAN-WOOD,"Repsetvegen 155, 2230 SKOTTERUD",2230,,,901 85 470,
810432322,BAUGE EIENDOM AS,"Nyheimvegen 27, 6905 FLORØ",6905,,,,
810438452,BECKMANN AS,"Buråsen 32, 4636 KRISTIANSAND S",4636,firmapost@beckmann.no,38 12 10 80,,https://beckmann-norway.com/en?srsltid=AfmBOoqSTJQGRN2C_IthLicyVZtxYJCyi-BdM1g-nsF8sLgH_K-vt-bo
810441682,FIDUCIA NORWAY AS,"c/o Revisjonsselskapet AS, Nensetvegen 39, 3736 SKIEN",3736,,35552277,,
810463902,E BERENTSEN AS,"Kontinentalvegen 22, 4056 TANANGER",4056,,,,
810483822,FRIHOLMEN AS,"Tollbodgaten 1, 4836 ARENDAL",4836,,92 02 64 44,913 20 110,
810547472,BRØDR BERNTSEN AS,"Hensmoveien 43, 3516 HØNEFOSS",3516,,32 10 97 70,,https://www.bberntsen.no/
810556722,B & G EIENDOM AS,"c/o Bertelsen & Garpestad AS, Hovlandsveien 70, 4374 EGERSUND",4374,,,,
810574232,AS TROMSØ AUTOMOBILCOMPANI - AS TACO,"Kirkegata 1, 9008 TROMSØ",9008,,94 16 66 66,,https://www.taco.no/
810582332,SOM EIENDOM AS,"Hallsgate 5, 3912 PORSGRUNN",3912,,,,
810584742,SAUDA AUTO AS,"Birkelandsvegen 106, 4200 SAUDA",4200,,,,
810684402,BLOKKEN SKIPSVERFT EIENDOM AS,"Blokken, 8406 SORTLAND",8406,,76124500,,https://www.blokken.no/
810703342,OCTOPUS EIENDOM AS,"c/o Sandvoldgruppen AS, Drammensveien 127, 0277 OSLO",0277,,22 12 87 00,,https://oljelandet.no/bedrift/octopus-eiendom-as
810733772,BORGE EIENDOM AS,"Kilengaten 15, 3117 TØNSBERG",3117,,33313028,,
810855762,AS CHR BRUN TORVET,"Torgallmenningen 7, 5014 BERGEN",5014,,,,
810859482,BRUNSTAD AS,"Sykkylvsvegen 415, 6230 SYKKYLVEN",6230,marked@brunstad.no,70 24 60 00,,https://www.brunstad.no/
810876832,FINN BRYNILDSRUD & SØNNER AS,"Kallumveien 28, 1524 MOSS",1524,office@brynildsrud.com,69 25 36 17,,http://www.brynildsrud.com/
810894342,ODVAR BRÅTHEN RØRLEGGERFORRETNING AS,2100 SKARNES,2100,,62961106,,https://www.xn--rrleggerlisten-qqb.no/firma/odvar-brathen-rorleggerforretning-as
810902612,Bugge & Amundsen AS,"v/ Formue Accounting AS, Gamle Kirkeplass 7, 3019 DRAMMEN",3019,mette@vosas.no,33 32 48 53,,https://yra.no/en/company/810902612
810926252,GRØNT MASKIN AS,"Depotgata 22, 2000 LILLESTRØM",2000,post@grontmaskin.no,69 22 53 00,,https://www.grontmaskin.no/
810969652,DDB AS,"Søndre gate 15, 7011 TRONDHEIM",7011,,98 70 85 40,,
811014982,JÆREN KRISTNE SENTER,,,benterivero@hotmail.com,46 37 92 47,986 29 638,
811025542,CHEMI TEKNIK AS,"Tvetenveien 30, 0666 OSLO",0666,,22 65 41 00,,https://www.chemi-teknik.no/
811060402,BIRDIE1 AS,"Grini Næringspark 3, 1361 ØSTERÅS",1361,ebrynild@online.no,67 14 70 40,,https://www.birdie1.no/
811102822,HAS INVESTMENT AS,"Diakonveien 7, 0370 OSLO",0370,,22 14 27 86,90133076,
811114642,JOHN DAHLE AS,"Kontinentalvegen 24, 4056 TANANGER",4056,,51 64 69 90,,https://www.john-dahle.no/
811141402,CARLA STUDIO AS,"Skomværgata 7, 3921 PORSGRUNN",3921,,35552549,,https://www.carlastudio.no/
811162582,AS GISLE GAARD,"Vollenveien 74, 1389 HEGGEDAL",1389,,,,
811167452,AS DEN NATIONALE SCENE,"Engen 1, 5011 BERGEN",5011,dns@dns.no,55 54 97 00,,https://dns.no/
811176702,SAS NORGE AS,"Henrik Ibsens vei, Teknisk Base, 2. etasje, 2060 GARDERMOEN",2060,,64 81 60 50,,https://www.sas.no/
811235482,ARNE DULSRUD AS,"Storgata 101, 2390 MOELV",2390,,,,
811251682,DYSTHEDESIGN AS,"Brekketunet 23, 1349 RYKKINN",1349,,67 13 12 10,,https://www.dysthedesign.no/
811280852,HOVLAND TREVAREFABRIKK AS,"Jærveien 1250, 4375 HELLVIK",4375,firmapost@hovlandtrevare.no,90 40 01 50,,https://www.hovlandtrevare.no/hjem
811320862,KLINGVIG AS,"Råholtgutua 12, 2070 RÅHOLT",2070,,,,
811349372,EIVIND EIVINDSON AS,"Venneslamoen 38, 4700 VENNESLA",4700,,38 15 00 20,,http://www.eivind-eivindson.no/
811410012,PER ELLINGSEN AS,"Postveien 128, 4317 SANDNES",4317,,,,
811413682,ELOPAK ASA,"Industriveien 30, 3430 SPIKKESTAD",3430,elopak@elopak.com,31 27 10 00,,
811445312,TRYGVE M ENGEBY AS,"Vestlia 15, 1169 OSLO",1169,,22 74 00 28,,
811451002,TEATERGATEN 16 AS,"c/o Tore Stokke, Olav Kyrres gate 6D, 0273 OSLO",0273,tore.stokke@hotmail.com,,991 15 246,
811480282,Edv Eriksen AS Stilmøbelverksted,"Fossegrenda 44, 7038 TRONDHEIM",7038,,73 95 10 00,,https://edvarderiksen.no/
811489972,HARALDSGATEN 168 AS,"Haraldsgata 168, 5525 HAUGESUND",5525,viggo@at-h.no,,412 15 080,
811544922,KRISTINA THOMASSEN,"Heer alle 6, 1445 DRØBAK",1445,,,,
811546402,DELA AS,"Finnemarka 11, 7603 LEVANGER",7603,prosjektpartnerlars@gmail.com,,454 06 989,
811546712,LENDING FISKERI AS,"Trovåg, 6928 KOLGROV",6928,linne.lending@enivest.net,57 78 77 52,,
811546852,SAFEBASE AS,"Havnegata 9, 7010 TRONDHEIM",7010,post@safebase.no,,,https://safebase.no/en/
811547042,ARNT-LENNART MARTINSEN,"Nedre Dalveien 12, 8430 MYRE",8430,,,,
811548022,FRØY REDERI AS,"Nordfrøyveien 213, 7260 SISTRANDA",7260,,30 10 11 01,,https://froygruppen.no/
811548472,EDEFICE AS,"Kirkehaug 8, 7656 VERDAL",7656,prosjektpartnerkarl@gmail.com,,948 77 070,
811548642,BUSY BUSY BIRD AS,"Bryggerikaien 24, 4014 STAVANGER",4014,,,,
811548812,RICH BAR HOLDING AS,"Rolighetsveien 1, 1738 BORGENHAUGEN",1738,,,,https://www.richbar.no/
811549312,STORE SKO AS,"Rathkes gate 1, 0558 OSLO",0558,storesk@online.no,,,https://www.storesko.no/en-us?srsltid=AfmBOop-QmvwX1LcOX3CvK0oEWyLaJwffLdu_-N7xvrh-6wJfG6NSLDo
811550582,CAMPUS 4 AS,"Industrivegen 34, 2069 JESSHEIM",2069,,,91630416,
811551252,DENTSIGN AS,"Ovenstadlia 33, 3420 LIERSKOGEN",3420,,,,
811551422,LINK ARKITEKTUR AB,"Lumaparksvägen 9, SE-120 31 STOCKHOLM",,,+46104799900,,
811551902,GEWAN AL MOUSA,"Kolbu Legesenter, Meierihagan 20, 2847 KOLBU",2847,,,482 69 100,
811552372,SAMEIET JUST BROCHSGATE 12 - HAMAR,"Just Brochs gate 12, 2321 HAMAR",2321,,,,
811555312,HALDEN JEGER- OG VILLMARKSKLUBB,"Ingerfjellveien 43, 1788 HALDEN",1788,stein.wilhelmsen@halden.kommune.no,,41 54 72 63,https://haldenjegerogvillmarknor.com/
811555622,AUDUN BREINES MEDIA,"Sommerland 14A, 8406 SORTLAND",8406,,,,
811555762,ØYVIND ONSØYEN,"Hølondvegen 525, 7224 MELHUS",7224,oyvonso@hotmail.com,,924 53 128,
811556092,TOINI CHRISTIN GRANUM,"Neråsvegen 9, 2825 GJØVIK",2825,,,90554711,https://www.myrdun-samtaler-mestring-og-kunnskap.com/
811556912,BØRØYA HYTTEFORENING,"c/o Dag Rune Johansen, Gamle Kongeveg Nord 20, 7609 LEVANGER",7609,,,,
811557552,PROHANDEL AS,"Bjønnmyråsen 12, 3280 TJODALYNG",3280,,,,https://prohandel.no/
811560472,DRIVENES OG HONNEMYR MASKIN DA,"v/Arne Honnemyr, Kvernhusdalen 2, 4707 VENNESLA",4707,,,,
811560782,CLAVIER CLASSICS,"Seilerhytteveien 23, 3060 SVELVIK",3060,clavierclassics@gmail.com,+31614404210,93 40 11 74,
811561592,INGRID ESKELAND,"Knosterneset 11, 5414 STORD",5414,ingrid.eskeland@sklbb.no,53 41 39 69,907 53 023,
811561762,MOY SERVICE,"Dalsfjordvegen 574, 6133 LAUVSTAD",6133,caymartinmoy@gmail.com,,913 59 550,
811561932,BRÅTABERGET HYTTEEIERFORENING,,,brataberget@gmail.com,,,
811563382,AKA TELECOM AS,"Johan Bojers vei 25D, 7021 TRONDHEIM",7021,aka@akatelecom.no,,928 12 639,
811563722,HAUGLANDSHELLA BYGG AS,"c/o Rune Pedersen, Staurdalsfjellet 14, 5310 HAUGLANDSHELLA",5310,,,,
811564222,TORGHALLEN BODØ AS,"Storgata 8, 8006 BODØ",8006,,75 54 01 20,,
811565032,BORGEN GRUPPEN AS,"Schwensens gate 7, 0170 OSLO",0170,,,,
811566462,JAKOBSNES IDRETTSLAG,"c/o Trond Magnussen, Soltunveien 39, 9911 JARFJORD",9911,jakobsnesidrettslag@hotmail.com,,908 15 199,https://www.jakobsnesidrettslagnorway.com/
811566772,VESTERÅLEN TEATER,"Møllenbakkveien 29, 8403 SORTLAND",8403,,,99259510,https://vesteralenteater.wordpress.com/
811566942,KJERSTIN ANETTE KRÅGÅ,"Olav Nergaards vei 264, 2450 RENA",2450,kak.002@c2i.net,,469 33 611,
811567132,GLADSANGEN,"Roar Bøhn, Eikeliveien 27, 3413 LIER",3413,,32 84 09 09,90096870,https://gladsangennorway.com/
811567612,KURDISK KULTURSENTER,"Julie Eges gate 18, 4306 SANDNES",4306,,,,
811568392,HØYDAL VELFERDSLAG,"c/o Toril Høydal, Dalevegen 158, 6110 AUSTEFJORDEN",6110,hoydal.vel@gmail.com,,917 69 920,
811568732,IHM P/S,"Vandtaarnvej 87, 2860 Söborg",,post@slm-revisjon.no,,,
811569062,BERGEN BILFORRETNING OMER SHEVAN OMER MOHAMMED,"Barliveien 21, 5142 FYLLINGSDALEN",5142,,,,
811569402,LIAHØIS VENNER,"Askehaugveien 150, 1407 VINTERBRO",1407,,,,https://www.liahoi.no/
811569852,FREE TO GIVE,"c/o Snorre Sunnset, Klingremoveien 90, 4877 GRIMSTAD",4877,f2give@gmail.com,,913 81 765,
811571172,IBBY ROAD IBEN AKERLIE,"Monolitveien 72, 0375 OSLO",0375,ibenmarieakerlie@gmail.com,,91713080,
811571202,NAUSTVÅGEN BÅTLAG,"c/o Atle Berge, Idrettsveien 43, 5052 BERGEN",5052,atlebberge@gmail.com,,911 06 299,
811571342,ANETTE HELEN BARSTAD,"Skarpetegvegen 25, 6012 ÅLESUND",6012,youcreate.yoga@gmail.com,,,
811571822,MARIUS OPEDAL,"Brattespevegen 19, 5773 HOVLAND",5773,marius_opedal@hotmail.com,,466 69 275,
811572012,MILJØPARTIET DE GRØNNE FREDRIKSTAD OG HVALER,"c/o Trond Løvereide, Severin Hurrøds vei 16, 1621 GRESSVIK",1621,fredrikstad@mdg.no,,906 49 559,https://fredrikstad.mdg.no/
811572292,KJELL LANGETEIG INDUSTRISERVICE,"Valumsvegen 5A, 2319 HAMAR",2319,kjell.langeteig@hotmail.com,,978 71 244,
811572322,SJØKONGEN AS,"Nyjordsveien 247, 6570 SMØLA",6570,bureiser@online.no,,950 24 267,
811572802,SAMEIET THORLEIF HAUGS VEI,"c/o Enqvist Boligforvaltning AS, Konghellegata 3, 0569 OSLO",0569,post@enqvist.no,22 80 95 95,,
811572942,HEIDIBLOMST RYGGE,"Ærfuglveien 1B, 3209 SANDEFJORD",3209,he-sven@online.no,,902 05 614,
811573272,WAL BYGG OG EIENDOM AS,"Østre Aker vei 17, 0581 OSLO",0581,post@walbe.no,,993 22 508,https://www.walbe.no/
811573302,BARANSU AS,"Stiftamtmann Kaas' vei 8, 0852 OSLO",0852,,,,https://www.baransu.nu/
811573582,BY1BIL AS,"Garnveien 7, 8520 ANKENES",8520,stian.bugge@gmail.com,,997 31 333,https://by1bil.no/
811573612,BENEDICTINERNE,"c/o Bjarne Øystein Graa, Fagernes 1, 5043 BERGEN",5043,eidsvaagkoretbenedictinerne@gmail.com,,480 45 335,
811573752,VERNER SKÅLEVIK,"Lielva 7, 5360 KOLLTVEIT",5360,verner.skaalevik@hotmail.com,,976 74 903,
811576182,ENGLUND INVEST AS,"Sveabakken 14, 7550 HOMMELVIK",7550,martin@hybelutleie.net,,906 00 526,
811576972,KOMÉT TRAFIKKSKOLE AS,"Stillverksveien 16, 2004 LILLESTRØM",2004,rune_andre87@hotmail.com,,91 37 04 83,http://komet-trafikkskole.no/
811577022,ZIRQ CABLES AS,"Linnestad Næringsområ, Ravneveien 11, 3174 REVETAL",3174,info@zirqsolutions.com,,,
811577332,VIA FLAKOLL AS,"Øvregrenda 7, 3425 REISTAD",3425,,32 84 07 58,906 42 989,
811577472,AKTIVA HW13 AS,"Lyngveien 21, 3118 TØNSBERG",3118,,,,
811577502,BRØNNØY BARNETEATER,"c/o Randi Einarsen, Engveien 4, 8900 BRØNNØYSUND",8900,raneinar@online.no,,,https://barneteater.bronnoy.no/
811577642,AK SHIPPING & CHARTERING AS,"Ullevålsveien 47A, 0171 OSLO",0171,,,,
811577812,SKJE AS,"Finnemarka 11, 7603 LEVANGER",7603,,,,
811578282,AARSTAD BYGG CONSULT AS,"Snulteren 6, 1940 BJØRKELANGEN",1940,post@aarstadbc.no,48 15 57 47,,https://www.aarstadbc.no/
811580082,BOB SAMDRIFT DA,"Bybergvegen 45, 4354 VOLL",4354,bent.byberg@lyse.net,,92097061,
811580422,BITERUD AS,"c/o Axer Eiendom AS, Bolette brygge 1, 0252 OSLO",0252,,22 03 81 00,,
811581232,GØRAN HANSEN AS,"Kapellveien 76C, 0487 OSLO",0487,mail@goeran.no,,452 39 113,
811582662,MEDIA SAUGE,"Elisenbergveien 24A, 0265 OSLO",0265,mediasauge@gmail.com,,,
811582832,SILJE BRATTESPE,"Brattespevegen 19, 5773 HOVLAND",5773,silje_bratt@hotmail.com,,986 79 611,
811583472,JORDALSBAKKEN AS,"Brekkedalen 31, 5713 VOSSESTRAND",5713,,,90864430,
811583812,BÅRDSGJERDE FRYD&LYD,"Maridalsveien 90, 0458 OSLO",0458,baardsgjerde@hotmail.com,,,
811584282,VESTFJELLI BEITELAG,"Låvi 38, 5745 AURLAND",5745,,,913 24 293,
811584762,WTS RAIL AS,"Øvre Holen 77, 6011 ÅLESUND",6011,,,,
811585092,THETA DEVELOPMENT AS,"Herman Grans vei 58B, 5162 LAKSEVÅG",5162,post@thetadev.no,,994 43 471,https://www.hadocs.com/en/
811585572,SLETTEBAKK AS,"Nedre Klasgarden 33, 6016 ÅLESUND",6016,,,,
811586412,BAKKEN VEL,"Oscars gate 9, 3725 SKIEN",3725,bakkenveistyret@gmail.com,,92055545,
811586722,SAMEIET ULVINMYRAVEGEN VEGLAG,"Ulvinmyravegen 374, 2092 MINNESUND",2092,per@kvern.no,63 96 56 98,90857225,
811587222,TOM ROGER JENSSEN,"Markvollveien 80, 8804 SANDNESSJØEN",8804,tomrog01@online.no,,481 74 790,
811587362,ARNSTEIN STORÅS FYSIOTERAPI,"Markensvegen 4, 2212 KONGSVINGER",2212,arnstein.storas@gmail.com,,482 31 154,https://osteraasklinikken.no/arnstein-storas/
811588032,DITT MALERFIRMA RESAT CITAK,"Fururabben 25, Fururabben 25, 1412 SOFIEMYR",1412,,,401 45 145,https://www.maleoppdrag.no/malere/ditt-malerfirma-resat-citak/
811588202,MUSLIM VELFERD FORENING,"Trygve Strømbergs vei 2L, 1263 OSLO",1263,,,93081965,
811589292,WILLIAMSEN HOLDING AS,"v/Kristian Williamsen, Øvre Sofustrøa 9, 7070 BOSBERG",7070,kwilli@online.no,,996 93 051,
811591122,TØMRER U. A. NILSEN,"Risnesveien 12, 8475 STRAUMSJØEN",8475,ulf.anders.nilsen@vkbb.no,,907 33 148,
811592072,EMILIJA SKARNULYTE,"Søndre Tollbodgate 17, 9008 TROMSØ",9008,olafida@gmail.com,,967 47 192,
811592692,VERFTSGATA 28 AS,"Verftsgata 28, 7800 NAMSOS",7800,,,,
811592862,FARESTVEIT COACHING,"Lilletveitåsen 6, 5228 NESTTUN",5228,camillahhf@gmail.com,,452 76 048,
811593052,CHRISTOFFER PAULSEN,"Krambugata 21, 4330 ÅLGÅRD",4330,christofferpaulsen1@hotmail.com,,942 86 151,
811593192,FIX IT EASY MARCIN ADAM KOZIOL,"Vangsvegen 501, 2322 RIDABU",2322,kozik21150@wp.pl,96 68 08 66,,
811593362,ALTERA INFRASTRUCTURE CREWING AS,"Løkkeveien 107, 4007 STAVANGER",4007,,,,https://alterainfra.com/
811593672,FLYT FORLAG AS,"Traraveien 56, 1605 FREDRIKSTAD",1605,anne@flyt.no,22 41 17 32,928 39 473,https://flytbok.no/
811594032,ULVIK BEITELAG,"Vestrheimsvegen 8, 5730 ULVIK",5730,ulvikbeitelag@gmail.com,,909 29 245,
811594172,ARNE HAUGLI AS,"Thunes vei 5, 0274 OSLO",0274,,,,https://arnehaugli.com/
811594512,FOTOGRAF ØYVIND BLOMSTERENG,"Smedstuveien 13A, 7040 TRONDHEIM",7040,,73 92 01 85,45403991,
811594652,PROFESJONELLE VERGERS INTERESSEORGANISASJON,"c/o Hans Jørgen Hægh, Tangen terrasse 61D, 1456 NESODDTANGEN",1456,hjhnorway@gmail.com,,917 17 758,https://pvi.no/
811594792,IKEA DISTRIBUSJON SERVICES S.A,,,pewir@ikea.com,,98225237,
811595942,LOTTE PIA STENFORS,"Prost Refsums veg 8B, 2005 RÆLINGEN",2005,lotteps@gmail.com,,934 32 020,
811597732,GREFSEN BOLIGSERVICE AS,"Morells vei 32A, 0487 OSLO",0487,,,,
811598542,ESPEN OLSEN SÆTERVIK,"Toftveien 74, 8909 BRØNNØYSUND",8909,espen_os@hotmail.com,,976 94 721,
811598682,INOVI MUSIC AS,"Torpfjellet 27, 1389 HEGGEDAL",1389,,,99 10 80 00,
811598992,FAVORIT AS,"Johan Feyers gate 4, 4370 EGERSUND",4370,,51 49 14 00,958 80 650,
811599492,2Ø SERVICE AS,"Ølnes, 6856 SOGNDAL",6856,,,95282496,https://oljelandet.no/bedrift/2%C3%B8-service-as
811599522,FLÅ PENSJONISTFORENING,"Voldsjordet, 3539 FLÅ",3539,gunnjoh6@online.no,32 05 02 61,90116329,
811600032,KLUBBEN NOS,"Dvergsnesbakken 20, 4639 KRISTIANSAND S",4639,,,922 12 863,https://www.klubben.no/
811600202,STOREBOTN 17 AS,"Storebotn 17, 5309 KLEPPESTØ",5309,,,,
811600792,ELTERA AS,"Haslevollen 3, 0579 OSLO",0579,post@eltera.no,,902 05 390,https://eltera.no/
811602892,ØSTFOLD PLASSOPPMERKING AS,"Gneisveien 18, 1784 HALDEN",1784,,,924 99 002,
811602922,MÅNDALEN INDREMISJON,"Bruasetvegen 30, 6386 MÅNDALEN",6386,elsaogleifa@yahoo.no,71 22 36 07,936 74 146,https://www.mondalenindremisjonnorway.com/
811603112,KPIN - ORGANISASJON FOR KOREANSK POPKULTUR I NORGE,,,informasjon@kpin.no,,994 20 752,https://kpin.no/omona/om-omona/
811604062,LØDINGEN PADLEKLUBB,"c/o Tom Slettbakk, Idrettsvegen 10, 8410 LØDINGEN",8410,folkikajakk@gmail.com,,905 71 151,
811604542,ALF AS,"Skrubbmoen 12, 3619 SKOLLENBORG",3619,,,,
811604712,FAST UTVIKLING AS,"Bergelandsgata 14, 4012 STAVANGER",4012,,,,
811604992,MONA HAUG,"Toppveien 2, 3514 HØNEFOSS",3514,,32 13 06 24,41456718,
811605212,AA-TVERRELVA KRAFT AS,"c/o Forte Vannkraft AS, Rådhusgata 17, 0158 OSLO",0158,vibeke.solum@fortevannkraft.no,22 86 55 00,950 31 733,
811605352,KLAUVA KRAFT AS,"c/o Forte Vannkraft AS, Rådhusgata 17, 0158 OSLO",0158,obos@obos.no,22 86 55 00,,
811606472,ENTREPRENADREPARATIONER I ÖREBRO AB,"Gamla Vägen 3, SE-702 27 ÖREBRO",,,,,
811607002,ACEA DEVELOPMENT AS,"c/o Acea Properties AS, Sjøgata 3, 8006 BODØ",8006,,,,
811608602,UNDERSTELLSERVICE AS,"Østerøyveien 31, 3236 SANDEFJORD",3236,,,,https://www.understellservice.no/
811609072,BÅRDAR WEST COAST SWING CLUB,"Rosenkrantz' gate 22, 0160 OSLO",0160,baardarwcs@gmail.com,22 20 90 10,,https://bordarwestcoastswingclubnorway.com/
811610402,KATTNAKKEN AS,"Vabakkjen 6, 5411 STORD",5411,,48 33 97 13,,https://kattnakken.no/?srsltid=AfmBOoqH4VixCGbSVTjMEnyLIQKkZ6Iix_NsIEzjCM4nh-fMd228QKmA
811610712,MIN JORDMOR DA,"Elvegata 45, 2003 LILLESTRØM",2003,lise@braanes.com,95 13 11 12,977 63 632,
811611212,LESJA BARNEKOR,"Kyrkjevegen 11, 2665 LESJA",2665,trude.tokle@yahoo.no,,952 52 362,https://www.lesjabarnekornorway.com/
811611972,PD&MS ENERGY (ABERDEEN) LIMITED,"PD&MS Group Ardent West, North Esplanade West, ABERDENN AB11 5QH SCOTLAND",,,,,https://www.pdms-group.com/
811612022,PD&MS ENERGY (AMERDEEN) LIMITED,"PD&MS Group Ardent West, North Esplanade West, ABERDEEN AB11 5QH SCOTLAND",,,+440122428900,,
811612162,ROCKSTRÖMS MONTAGE,,,,,,
811612472,EGIL ARNE STRØM,"Grytesvegen 631, 7620 SKOGN",7620,,,,
811612502,AGRO MASKINENTREPRENAD S. STÅLHAMMAR,"Kvarkhult 1, SE-341 55 VITTARYD",,ti.roger@telia.com,+4637045121,+4670692703,
811613932,AXELAR AS,"Langgata 42, 4306 SANDNES",4306,,,,
811615412,SILVER BYGG & MONTASJE AS,"Sarpsborgveien 147, 1640 RÅDE",1640,martin.manicki@gmail.com,,968 79 574,
811615552,ASKØY KOMMUNE KULTUR OG IDRETT,"Klampavikvegen 1, 5300 KLEPPESTØ",5300,,,,https://askoy.kommune.no/tjenester/kultur-idrett-og-fritid
811616362,VEST MARKISE AS,"Lønningsflaten 32F, 5258 BLOMSTERDALEN",5258,post@vestmarkise.no,55 91 77 71,41285160,https://vestmarkise.no/
811618292,HØGNI KOMPETANSE ARASON,"Solveien 2, 3517 HØNEFOSS",3517,klippur@gmail.com,,977 98 025,
811618772,KEISER RESTAURANT AS,"Hamnegata 11, 5411 STORD",5411,,,,
811620122,UTEPLASSEN.NO AS,"Stabburveien 7, 1617 FREDRIKSTAD",1617,,,,https://www.uteplassen.no/
811620432,PEACE BY PIECE,"c/o Sheraz Ahmed Malik, Engstien 5, 1466 STRØMMEN",1466,sherazmalik@hotmail.no,,400 69 786,
811620882,MILJØSTEIN NORGE AS,"Sørbyveien 928, 3178 VÅLE",3178,,,,https://miljostein.no/?srsltid=AfmBOor1POtcpAbqtLxhAo4tR6c79_WPKx9jIloQFlyH4tbaAHxmJnfJ
811621382,CHRISTIANO INVEST AS,"Lerstadvegen 517, 6018 ÅLESUND",6018,,,,
811621862,EPLEMOS AS,"c/o Anders Abrahamsen, Risløkkveien 23E, 0580 OSLO",0580,,,,
811623202,LAGRE MINILAGER AS,"Kirkegata 8, 1767 HALDEN",1767,post@lagre.no,80 08 00 08,,https://lagre.no/
811624632,DE ELIGERTE MENN,"Orknøygata 21, 4009 STAVANGER",4009,ftunge@gmail.com,,41 17 17 00,
811624942,LIND SPORT,"Gimleveien 18, 5052 BERGEN",5052,,,,
811625132,COOPERAR.IO AS,"c/o Sigma ITM Norway AS, Biskop Gunnerus Gate 14, 0185 OSLO",0185,,,,
811625442,BOLIGSAMEIET LANGVOLDEN,"Koefoedgeilan 12, 7018 TRONDHEIM",7018,bente@eide-egeland.no,,41678084,
811625582,TERØY VEL,"Terøy, Solheimsvegen 16, 6280 SØVIK",6280,,,,
811625612,TONES CAFÉDRIFT AS,"Folke Bernadottes vei 52, 5147 FYLLINGSDALEN",5147,,,,https://www.sydvesten.no/derdubor/M80399/
811625922,MEDIESENTERETS SOSIALE REVOLUSJON (MSSR),"c/o NHH  Mediesenteret, Helleveien 30, 5045 BERGEN",5045,,,,
811626562,TORNEROSE BIO AS,"c/o Berit Bjugan Aam, Hoelveien 1, 1423 SKI",1423,berit.aam@biochos.com,,918 66 719,
811629642,SJØLI TAXI - ALLTID KJØRBAR.,"Kongsvingervegen 224, 2100 SKARNES",2100,jasjoel1@hotmail.com,,928 66 419,
811630012,BOLIGLAGET KVILE,"Eidsvågskogen 10, 5101 EIDSVÅGNESET",5101,,,,
811630292,TOCIRCLE PRODUCTIONS AS,"c/o Nikolai Slettebø, Toppåsveien 28B, 1352 KOLSÅS",1352,,,,https://tocircle.com/
811630322,MOBILITY DOCK AS,"Luramyrveien 29, 4313 SANDNES",4313,post@bluelogic.no,91 00 69 50,,
811630632,FORENINGEN TINGHUSKORET,"C. J. Hambros plass 4, 0164 OSLO",0164,,,,
811632082,NEXER ASSET MANAGEMENT AS,"c/o Ecitintunor Services AS, avd. Jessheim, Industrivegen 22, 2069 JESSHEIM",2069,kundreskontrasweden@nexergroup.com,,,
811632112,OÜ V8,"Pärna 2-31, EE-50601 TARTU",,,,,
811632562,GAPPAY NORGE LINDAHL,"Husebyveien 55, 1623 GRESSVIK",1623,,,41 40 70 96,
811633062,NORDÅS BILDER,"Håndverkervegen 3, 2624 LILLEHAMMER",2624,oysteinnordas@gmail.com,,957 02 237,
811633402,TEMP-TEAM,"Hauser Plads 20, 5. sal, DK - 1127 KØBENHAVN K",,,,,
811633992,HÅVAR ÅSHEIM,"Hellumsenga 18, 3370 VIKERSUND",3370,,,,
811634182,AS H GABRIEL FINNE & CO ARKITEKT OG KONSULENTFIRMA,"Josefines gate 27, 0351 OSLO",0351,,,,
811634662,CASA LELLA AS,"Olaf Schous vei 7, 0572 OSLO",0572,,,91323125,
811635162,BBK BIO AIRCLEAN,"Linnerupvej 5, DK-7160 Tørring",,,,,
811636002,SOFUS O SELE,"Selevegen 40, 4354 VOLL",4354,,,974 67 125,
811636282,KVALITETSSNEKKEREN AS,"c/o Jørgen Skipperud, Markveien 54, 0554 OSLO",0554,,,950 48 904,
811637432,FINNSJOE SAILING,"Brekkelia 20, 3153 TOLVSRØD",3153,haraldfinnsjo@gmail.com,,952 37 961,
811639222,LARSHAV CONSULTING,,,,+4597709011,+4560407890,
811639842,F.F.F - FELLESMEIERIETS FRITIDSFORENING,"Bedriftsveien 7, 0950 OSLO",0950,,,,
811640522,ENZIAN AS,"c/o Amira Regnskap AS, Brogata 7, 2000 LILLESTRØM",2000,holmechr@gmail.com,,,
811641332,KURDISTAN FREEDOM PARTY,"Sinsenveien 64C, 0586 OSLO",0586,rebwar125@hotmail.com,,40089455,
811641642,VESTENFJELDSKE VETERINÆRFORENING,"Grønlandsvegen 6A, 5918 FREKHAUG",5918,eculvik@online.no,,974 19 604,https://vestenfjeldske.org/
811642622,OSLO PERFORMANCE TRAINING,"Lilleberg 3, 3274 LARVIK",3274,remirefsdal@hotmail.com,,591 83 126,
811643122,HAKALLESTRANDA UTVIKLING,"c/o Dag Molvik, Hakallestranda 358, 6149 ÅRAM",6149,dag.molvik@ssikt.no,,907 91 291,
811644072,HOFF ELEKTROTEKNIKK,"Fjordveien 37, 8522 BEISFJORD",8522,bjarte@bhfoto.no,,,
811644412,REGALIS EIENDOM AS,"Lørenveien 73A, 0585 OSLO",0585,kjetil@regaliseiendom.no,,,https://regaliseiendom.no/
811644862,UNI-CONSULTING AS,"Klokkerstigen 4, 2090 HURDAL",2090,,,,
811646482,SP MANAGEMENT AS,"Holmendammen terrasse 2C, 0773 OSLO",0773,,,,
811648272,MONICA H. HAUGLAND,"Kvartsveien 3, 1475 FINSTADJORDET",1475,monica.hosoy.haugland@hotmail.com,,922 20 744,
811648582,VIGRA KRISTELEGE UNGDOMSLAG,"Kyrkjevegen 651, 6040 VIGRA",6040,oddhelge99@msn.com,,902 24 622,https://imfvigra.no/ungdom/
811649422,APRH HOLDING AS,"Glabakkveien 7, 2007 KJELLER",2007,anette.hemmingby@gmail.com,63 81 07 59,476 40 620,https://yra.no/en/company/811649422
811649732,SAMEIET BOGSTADVEIEN 3-5,"Sandakerveien 64, 0484 OSLO",0484,firmapost@obf.no,22 12 23 40,,
811649872,FISKEHUSET & CO NUF,"Gate 1 3, 6700 MÅLØY",6700,,,,
811650072,HOBTECH AS,"Gullåsvegen 32, 3947 LANGANGEN",3947,,,,
811650382,GJERDSETBYGDA VEGLAG SA,"Gjerdsetbygda, 6320 ISFJORDEN",6320,pettgje@online.no,,482 87 161,
811651222,HK-KLUBBEN I LO,"Torggata 12, 0181 OSLO",0181,,,,https://hk.no/
811651532,LOFOTPRODUKT OSLO PRODUKSJON AS,"Akershusstranda 23, 0150 OSLO",0150,,22 82 35 90,,
811651842,KVERNMO EIENDOM HOLDING AS,"Industrivegen 8, 7652 VERDAL",7652,,,,https://kvernmo.no/privat/
811653942,SNAH HOLDING AS,"Krokvegen 49, 9020 TROMSDALEN",9020,,,,
811654132,DOCTOR OK AS,"Fredensborgveien 118A, 8005 BODØ",8005,,75 54 99 49,,
811654302,ENGEN SERVICE BYGG OG VEDLIKEHOLD,"Bjørnstadveien 13, 3480 FILTVET",3480,engen.service@gmail.com,,467 95 881,
811654922,NORDVANGS VENNER,"c/o Odd Skarsgard, Nordbygdvegen 2116, 3570 ÅL",3570,odd.skarsgard@sdsl.no,,,
811655082,SUNNYLVEN PENSJONISTLAG,"c/o Astrid Langeland, Langedalsvegen 333, 6218 HELLESYLT",6218,,,906 75 234,
811655252,MD SØRENSEN,"Sollia 5J, 3058 SOLBERGMOEN",3058,,,,
811655422,GUNNAR PEDERSEN INNGÅR I DØDSBO,"Opåsvegen 29, 2266 ARNEBERG",2266,,,,
811655732,B.R.A,"c/o Mathias Sønvisen Moe, Gakoriveien 1B, 9512 ALTA",9512,erlend@bra-alta.no,,952 76 413,
811655902,CAPRI CLUB NORGE,"Marnarveien 817, 4519 HOLUM",4519,,,958 16 942,https://www.capriclubnorge.no/
811656232,NES FORFATTER FORENING,"Elvenesveien 17, 1666 ROLVSØY",1666,tord@lyshaugen.com,,909 77 785,https://www.forfatterforeningen.no/english/
811656682,TRELASTEN ELVERUM AS,"Fabrikkveien 2, 2450 RENA",2450,elverum@btkjeden.no,,,https://www.byggtorget.no/butikker/rena
811656712,FREDTUN,"c/o Roger Møller, Ytre Rågot 6, 6083 GJERDSVIKA",6083,,,,https://fredtun.org/
811656992,LIVERBIRDS SARPSBORG,"c/o Jaran Sæves, Nesveien 40, 1734 HAFSLUNDSØY",1734,jarsae@online.no,,418 00 647,https://www.liverbirdssarpsborgnorway.com/
811657522,STORDALSSTØLEN HYTTEGREND,"c/o Palmer Helland, Oterdalen 5, 5914 ISDALSTØ",5914,palmerhelland4@gmail.com,,909 45 280,https://stordalenhytte.no/stordalsstolen-hyttegrend/
811659282,ODDLEIV JEVNLID,"Panoramavegen 1405, 6795 BLAKSÆTER",6795,jevnlid@hotmail.no,91 31 49 47,913 14 947,
811660582,BREMANGER SAU OG GEIT,"v/ Åse Leirgulen, Leirgulen, 6734 RUGSUND",6734,,,909 67 726,https://www.nsg.no/sfsg/lokallag/bremanger-sau-og-geit/
811661112,TL SALONGENE AS,"c/o Park 29, Parkveien 29, 0350 OSLO",0350,,,,
811661252,JONAS EVENSEN,"Skogveien 22, 9403 HARSTAD",9403,jonas_evensen90@hotmail.com,,47843460,
811661902,DAIT&KAUSHAL DA,"C/O Deli de Luca Norge AS, Karenslyst Allè 12-14, 0278 OSLO",0278,,,,https://oljelandet.no/bedrift/dait-kaushal-da
811662232,SJURSNES HYTTEFORENING,"Nerskogbakken 2, 9517 ALTA",9517,iver@online.no,,900 30 236,
811662372,MARIN-TEC SP.Z.O.O.,"Ul. Gryfa Pomorskiego 61, 81-572 Gdynia",,,,,
811662712,WALTER HEIDKAMP MÅL & MENING,"Osterhaus' gate 10, 0183 OSLO",0183,walterheidkampf@live.no,,404 38 057,
811665762,O FJELBERG AS,"Bygdøy Alle 56, 0265 OSLO",0265,,22446041,,
811668052,THOMAS DALEN CINEMATOGRAPHER,"Ulvenvegen 30, 5210 OS",5210,thomas_dalen93@hotmail.com,,928 55 624,https://www.thomasdalen.com/
811668532,BERNT ERIK OLSEN,"Bjørndalen allé 13, 4631 KRISTIANSAND S",4631,berneol@online.no,,416 30 263,https://oljelandet.no/person/bernt-erik-olsen-1973
811669202,ROMSDAL EIENDOMSMEGLING AS,"Fannestrandvegen 49B, 6415 MOLDE",6415,,71 20 04 00,,
811669342,OPTIMUSPISTOR AS,"Hospitsveien 21, 0789 OSLO",0789,,,,
811669482,ALVÆRA GARD NILS FLATJORD,"Åsvegen 146, 2033 ÅSGREINA",2033,nils.flatjord@hotmail.com,,916 25 818,
811669512,NILSEN TV-SERVICE,"Bamseveien 20, 4844 ARENDAL",4844,,,922 24 422,
811671592,PLANKFONDS AS,"c/o Håvard Aakerøy, Haugnessvingen 21, 7038 TRONDHEIM",7038,havard.aakeroy@gmail.com,,481 57 932,
811671622,AZELIS DENMARK,"Lundtoftegårdsvej 95, 2800 Kongens Lyngby",,,,,https://www.azelis.com/en/homepage
811671762,MOMS FINANS SWEDEN AB,,,,,,
811673862,ADELIN AS,"Kongegata 27, 3256 LARVIK",3256,adelin@fjeldskaar.no,,900 17 745,
811674362,KNALLSKUDD MEDIA - KVALØY,"Norevegen 12, 2040 KLØFTA",2040,kvaloy19@gmail.com,,415 98 184,https://knallskudd.media/
811674532,PROVENCEREISER AABEL,"Høivold brygge 20, 4631 KRISTIANSAND S",4631,,,,
811674982,SAMEIET TOFTES GATE 55,"Toftes gate 55, 0552 OSLO",0552,toftesgate44@hotmail.no,,,
811675032,OSLO COLLEGE OF MANAGMENT DA,"Solheimveien 85, 1473 LØRENSKOG",1473,kamrosh87@gmail.com,90 07 44 98,976 26 113,
811675482,ANDRE J UGLAND HOLDING AS,"Grooseveien 170, 4879 GRIMSTAD",4879,,,97047714,
811675792,STEINAR BERGENE,"Lågendalsveien 524, 3270 LARVIK",3270,,,,
811676632,T.NORDSKAUG AS,"Kjetterudveien 5, 1435 ÅS",1435,,,,
811678082,DUBRAVO APS,"c/o Per Lindorf Jørgensen, Parkgyden 1 Allesø, DK-5270 ODENSE N",,,,,
811678112,DUBRAVO APS,"c/o Per Lindorf Jørgensen, Parkgyden 1 Allesø, DK-5270 ODENSE N",,,+4552221202,,
811679402,UTDANNINGSFORBUNDET VANYLVEN,"Rådhuset, Rådhusvegen 1, 6143 FISKÅ",6143,post@vanylven.utdanningsforbundet.no,70 03 00 90,913 05 456,https://www.utdanningsforbundet.no/fylkeslag/more-og-romsdal/lokallag/vanylven/
811679712,HØVRINGEN VEL,,,post@hovringenvel.no,,99 45 39 38,https://www.hovringenvel.no/
811679992,BJØRNDALSRUNDENS VENNER,"Landsverkveien 144, 3619 SKOLLENBORG",3619,,,,
811680532,EIDSVOLL COMFORT STAY AS,"Kjølberggata 29A, 0653 OSLO",0653,,,90083478,
811682462,HEDDE GARDSDRIFT IVAR MJELDE,"Åsheimsvegen 25, 4748 RYSSTAD",4748,ivar.mjelde62@gmail.com,,941 53 155,
811683612,HESTNES VELFORENING,4043 HAFRSFJORD,4043,,,,https://hestnesvel.no/
811683922,SOUMAH RENHOLD SEKOU,"Store Landfall øvre 57, 3025 DRAMMEN",3025,,,45541451,https://www.renholdere.no/renholdere/soumah-renhold-sekou/
811684252,CRISTINEL-CONSTANTIN DOBRINCIUC,"Skogveien 6, 8613 MO I RANA",8613,dobrinciuc@yahoo.com,92 51 54 27,0040743300943,https://oljelandet.no/bedrift/cristinel-constantin-dobrinciuc
811684732,KNAPPSKOG PANORAMA AS,"Skålevikveien 60, 5178 LODDEFJORD",5178,,,,
811684872,MANOV GLOBAL AS,"Lille Stranden 8, 0252 OSLO",0252,stefan@monovsales.no,,949 77 719,
811685852,HUMLEREKKA EIERSEKSJONSSAMEIE,"Tussestien 3, 1405 LANGHUS",1405,styret@humlerekka.no,,,https://humlerekka.no/
811686212,SNERTINGDALSSENTERET AS,"Austdalfeltvegen 112, 2838 SNERTINGDAL",2838,,,,
811686522,TORA SYNNØVE UHRN,"Lørenvangen 26, 0585 OSLO",0585,torauhrn@hotmail.com,,99 47 58 55,
811687022,VIKTORS BUTRIMS,"Stenan 26, 7340 OPPDAL",7340,,,,https://yra.no/en/company/811687022
811687162,VIGRA OG VALDERØY PISTOLKLUBB,"Valderhaug 10, 6050 VALDERØYA",6050,leder@vivapk.no,,95180018,https://www.vivapk.no/
811687332,INTERNASJONALT KVINNEFORUM I VALDRES,"c/o Aud Søyland, Sylvsmedvegen 44, 2920 LEIRA I VALDRES",2920,aud.soyland@bbnett.no,,990 37 584,https://internasjonaltkvinneforumivaldres.com/
811687642,IDAFROSK MATKUNST IDA SKIVENES,"Landingsveien 42, 0767 OSLO",0767,,,,
811687952,SUNNE SPILLEMANN RUBACH,"Alstadenga 18, 8071 BODØ",8071,,,,
811688282,RISKA HISTORIE- OG MUSÉUMSLAG,"Hommersandbakken 17, 4311 HOMMERSÅK",4311,riskahistorie@hotmail.com,,,http://riskahistorie.no
811689262,HAALAND BILVERKSTED AS,"Opstadvegen 647, 4360 VARHAUG",4360,taraldh@hotmail.com,,905 06 566,
811689432,HAUKAAS STATSALLMENNING,"Digre Vestre, Bratsbergvegen 658, 7039 TRONDHEIM",7039,ola@haugronning.no,,922 60 607,
811690252,BRUKTBIL FORUM/ELZABOUT,"Bergemoveien 3, 4886 GRIMSTAD",4886,bruktbilforum@yahoo.no,,967 22 888,
811693502,ESPEN ANDRE HANSEN,"Bråtaveien 34, 3050 MJØNDALEN",3050,,,958 00 799,
811694002,POLNORBUD JANKOWSKI SP ZOO,"ul Gorna 70, PL-09-400 PLOCK",,,,,
811694762,TEKNA BEDRIFTSGRUPPE KVÆRNER JACKET TECHNOLOGY TRONDHEIM,"Havnegata 9, 7010 TRONDHEIM",7010,,,,https://www.tekna.no/en/
811695262,STIFTELSEN ISLAMSK OPPLÆRING OG KULTURHUS,"Bergsagelveien 9, 4016 STAVANGER",4016,nur.ali@vegvesen.no,51 63 10 63,951 44 226,
811695432,STOLP AS,"Trollringen 22, 2054 MOGREINA",2054,,,,
811695572,OSLO FORCE BASKETBALL ASSOCIATION,"c/o Per Martin Grøgaard, H0201, Ulvenveien 119C, 0665 OSLO",0665,frances.cerdena@gmail.com,,,
811695602,WEBLANCE AS,"Ryenbergveien 55, 0677 OSLO",0677,jonas@jonassjovaag.no,,928 42 902,https://www.weblance.no/
811696072,PHANTIX AS,"Fiskekroken 3B, 0139 OSLO",0139,,,,
811697192,DANIJO V/PETER DIRKSEN,"Møllevangsvej 18, DK-8940 RANDERS",,danijo@c.dk,+4598772351,4540609365,https://virksomhet.brreg.no/nb/oppslag/enheter/811697192
811697532,D-S EIENDOM AS,"Saudavegen 30, 4200 SAUDA",4200,,,,https://ds-eiendom.no/
811697842,VERVEN C AS,"Verven 42, 4014 STAVANGER",4014,,,,
811699152,IBOLIG AS,"Brobekkveien 80C, 0582 OSLO",0582,,,,https://www.i-bolig.no/
811699632,2 CLAP STUDIO DA,"Haskollveien 79, 3403 LIER",3403,contact@2clapstudio.com,95 28 14 08,984 42 114,
811701262,ITRANSLATE TONE AAKHUS,"Kisteneset 17, 4083 HUNDVÅG",4083,,,,
811701572,KRISTINE ULVESVEEN LUNDGÅRD,"Snertingdalsvegen 2819, 2839 ØVRE SNERTINGDAL",2839,,,,
811701602,SIMPEL AB,"Nordsuddsvägen 4, SE-553 03 JÖNKÖPING",,,,,
811702072,SAMEIGET POSTGARDEN,"v/ Andrè Klingenberg, Tunavegen 21E, 6817 NAUSTDAL",6817,,,,
811702102,ÅLESUND INTERNASJONALE KOR,"Øvre Geilegrend 26, 6017 ÅLESUND",6017,,,99733940,
811702412,FAU VED SOLBAKKEN SKOLE,"c/o Marita Byberg Johansen, Osvegen 210B, 7057 JONSVATNET",7057,maritabyjo@hotmail.com,,,https://www.trondheim.kommune.no/org/oppvekst/skoler/solbakken-skole/
811702552,FÆRDER KONSULENTTJENESTER DØRDAL,"Øvre Smidsrødvei 75, 3120 NØTTERØY",3120,post@nktd.no,,473 77 524,
811703192,STRAND TATTOOING COMPANY,"Marcus Thranes gate 13, 0473 OSLO",0473,shivs.tattoo@gmail.com,,452 81 359,
811703362,LOSI'S AS,"Flaktveitrinden 27, 5135 FLAKTVEIT",5135,kjeitl@losis.no,,452 90 387,
811703672,CHARLOTTENLUND VIDEREGÅENDE SKOLES SENIORLAG,,,hildegunn.plassen@gmail.com,,997 13 741,https://web.trondelagfylke.no/charlottenlund-videregaende-skole/
811703982,SVENSKE KONSTRUKSJON AS,"Karenslyst allé 53, 0279 OSLO",0279,,,,
811704032,MORGEDAL EIGENDOM AS,"Prestegardsvegen 24, 3840 SELJORD",3840,rune@me-as.no,,488 52 607,
811705942,KLEV SETERSKOG VEILAG,"C/O Mads Henrik Almaas, Orestien 18, 1387 ASKER",1387,,,,
811706272,HABNESPRELLET,"c/o Arvid Woll, Ullandsveien 4, 4432 HIDRASUND",4432,arvid.woll@nordan.no,,951 11 475,
811708402,HARØY FOTOKLUBB,"Myra 6, 6296 HARØY",6296,tslatt98@gmail.com,,906 97 286,
811708542,NORDENGKOLLEN SAMEIE,"c/o Anders Bergene, Nordengkollen 44, 1396 BILLINGSTAD",1396,anders.bergene@dlapiper.com,,918 94 801,
811708682,BRØDENVEIEN AVLØPSLAG,"Kvartsveien 18, 1784 HALDEN",1784,,,,
811708712,PUNCHCARD INVEST AS,"Mildevegen 156B, 5259 HJELLESTAD",5259,kjetil@nyland.as,,472 02 357,
811708992,ØYGARDEN & NEDRESKÅR FJELLSPRENGNING AS,"Sannidalsveien 318, 3766 SANNIDAL",3766,,,,
811710792,T.SKAAR,"Otto Sverdrups veg 13, 2816 GJØVIK",2816,,,,
811710962,SYLANE HYTTER AS,"Gammelvegen 30, 7590 TYDAL",7590,post@soerens.no,,951 36 736,
811711462,FLYLØS AS,"Øravegen 4, 6650 SURNADAL",6650,larlos@me.com,,92817859,
811711802,SCHENK UTLEIE AS,"c/o Tor Henrik Schenk, Birkelandsveien 330, 4790 LILLESAND",4790,tor.henrik@lmb.as,,917 17 132,https://schenkutleie.no/
811712132,VINOR AS,"Hvitsteinveien 13, 3085 HOLMESTRAND",3085,vidar@gavita.no,,924 94 846,
811712582,ALTIPLAST LASSE WILLUMSEN,"Skeineshaugen 15, 8140 INNDYR",8140,lassewillumsen@gmail.com,,971 57 477,
811712922,MILJØPARTIET DE GRØNNE TROMS OG FINNMARK,"Storgata 88, 9008 TROMSØ",9008,finnmark@mdg.no,,905 32 955,https://tromsogfinnmark.mdg.no/
811713112,POWER SOLUTIONS MMO AS,"Ekornsvingen 9, 9510 ALTA",9510,post@powersolutions.no,,970 65 245,https://powersolutions.no/
811713902,SOLVILLA AS,"Tidemands gate 21A, 0260 OSLO",0260,,,99 05 55 55,
811714682,A.E. EXSPRESS ERDIN CEHIC,"Paal Bergs vei 20, 0692 OSLO",0692,,41 63 21 36,,
811714992,ELKANIA DA,"c/o Titania AS, 4380 HAUGE I DALANE",4380,,,,
811715492,JSON AS,"Hans Barliens gate 1E, 0568 OSLO",0568,,,,
811716162,AUGLAND BYGGSERVICE AS,"Liankollen 13, 4638 KRISTIANSAND S",4638,,,951 04 157,
811717002,ADMUSIC ADRIAN DU MONCEAU DE BERGENDAL,"Pilestredet 39, 0166 OSLO",0166,,,,
811717142,OLSEN AUTO JESSHEIM AS,"Asfaltvegen 3, 2069 JESSHEIM",2069,,,959 03 017,
811717282,VANJA KRISTOFFERSEN,"Innherredsvegen 12A, 7503 STJØRDAL",7503,vanjakris@online.no,,958 00 556,
811717312,WIGGSON AB NUF,"Bergstien 4C, 0172 OSLO",0172,,,41020685,
811717452,VELFORENINGA HAS,"c/o Berit Kvalsvik Solli, Øvre Plassegjerdet 3, 6098 NERLANDSØY",6098,berit.solli@tussa.com,,993 80 642,https://www.heroy.kommune.no/Organisasjon/OrganisasjonVis.aspx?OrganisasjonId=142&MId1=7632
811717932,JÆRVERK AS,"Rektor Undheims veg 30, 4344 BRYNE",4344,post@aslehaukland.com,,452 00 838,
811718602,GISKE MANNSKOR,"Giskevegen 93, 6052 GISKE",6052,rungiske@online.no,,99637206,
811718882,INNSIKT PÅ UTSIKTEN AS,"Gautestadvegen 19, 4735 EVJE",4735,glennqh@hotmail.com,,990 32 244,
811720402,ML BYGG CLAES MARTIN LINDÉN,"Huths gate 2, 1608 FREDRIKSTAD",1608,martinlindenab@hotmail.com,765896321,91730236,
811720682,VESTNES HUSFLIDSLAG,"c/o Greta Bjerke, Kollen 57, 6390 VESTNES",6390,soltunry@online.no,,480 67 213,https://husflid.no/lag/more-og-romsdal-husflidslag/vestnes-husflidslag/
811721492,BRIGHT PLANET AS,"Lindeberg næringsvei 22, 1067 OSLO",1067,,,,
811721972,GLENNEVEIEN 7 AS,"Glenneveien 7B, 1408 KRÅKSTAD",1408,,,,
811722332,HEILMAT AS,"Storevegen 3, 6884 ØVRE ÅRDAL",6884,,,,
811722502,MALERMESTER RUNE JANJAK AS,"Eikeleina 58, 3472 BØDALEN",3472,,,,https://www.janjak.no/
811723002,ROSSÅ FISKEBRUK DA,"Heng 38, 4121 TAU",4121,,,91712675,https://fiskeriportalen.no/bedrifter/rossa-fiskebruk-da
811723592,SELMER SERVICE,"Bjørndalstunet 34, 3077 SANDE I VESTFOLD",3077,liselmer@online.no,,480 36 129,
811723622,TORNADO TRANSPORT AB,"Box 55, 253 04 PÅARP",,,,,
811724092,NORTHERN BREEZE PRODUCTION DA,"Hausmanns gate 34-38, 0182 OSLO",0182,guneriussen@gmail.com,,45004226,
811725102,FORLAND CONSULTING AS,"c/o Førland, Hammerstads gate 21B, 0363 OSLO",0363,,,,
811726192,RSJ HOLDING AS,"Berte Styris veg 3, 2080 EIDSVOLL",2080,,,,
811726222,MA RUSFRI TRAFIKK AVD. SØR-ROGALAND,"c/o Einar Holger Nese, Orrevegen 463, 4352 KLEPPE",4352,,,,https://www.marusfritrafikk.no/
811726532,BRYNE BULLSHOOTERS,"Meierigata 17, 4340 BRYNE",4340,rune.nilsen@oglsys.no,,976 65 803,https://www.brynebullshooters.com/
811726672,STÅLE SOLBAKKEN,"c/o Knut Eikre Larsen, Peter Østbyes gate 21, 3014 DRAMMEN",3014,kn-larse@online.no,,464 10 869,
811727172,PANMAN AS,"Breivollveien 2, 3072 SANDE I VESTFOLD",3072,,,958 15 253,
811727202,HOLM RF CONSULT,"Langeløkka 5A, 3039 DRAMMEN",3039,rf.consult@la6asa.com,,471 55 155,
811727342,KIRKEVEIEN 71 SAMEIE,"Kinoveien 3A, 1338 SANDVIKA",1338,post@abbl.no,67 57 40 00,,
811727482,VIM TVC - GRØNDALEN,"Vestsidevegen 3204, 3520 JEVNAKER",3520,linegrondalen@gmail.com,61 31 03 05,94891159,
811727652,FHV FORENINGEN,"Øvre Myrhaugen 5, 0752 OSLO",0752,aslak.ona@live.no,,90564650,https://virksomhet.brreg.no/nb/oppslag/enheter/811727652
811727962,STOREBOTN UTLEIE AS,"Storebotn 58, 5309 KLEPPESTØ",5309,,,,https://www.storebotn.no/kontakt-oss
811728012,HJØRUNGAVÅGSPELET,,,,,,
